{"sidebar-1":{"text-2":{"title":"","text":"Phone: +370 123456789 \r\nFax: +370 123456789 \r\nEmail: <a href=\"mailto:info@themeskingdom.com\">info@themeskingdom.com<\/a> \r\nWeb: <a href=\"http:\/\/www.themeskingdom.com\/\">themeskingdom.com<\/a>\r\n\r\n<\/br>\r\n<strong>Eveny<\/strong> is a great theme to manage your events or show of your music, or better yet, why not both?","filter":true,"conditions":{"action":"show","rules":[{"major":"page","minor":"111","has_children":false},{"major":"page","minor":"2","has_children":false}]}},"search-3":{"title":"","conditions":{"action":"hide","rules":[{"major":"page","minor":"post_type-event","has_children":false},{"major":"page","minor":"post_type-album","has_children":false}]}},"recent-posts-5":{"title":"Recent Posts","number":3,"show_date":true,"conditions":{"action":"hide","rules":[{"major":"page","minor":"433","has_children":false},{"major":"page","minor":"post_type-event","has_children":false},{"major":"page","minor":"post_type-album","has_children":false},{"major":"page","minor":"111","has_children":false}]}},"categories-2":{"title":"","count":0,"hierarchical":0,"dropdown":0,"conditions":{"action":"hide","rules":[{"major":"page","minor":"post_type-event","has_children":false},{"major":"page","minor":"post_type-album","has_children":false},{"major":"page","minor":"111","has_children":false}]}},"tag_cloud-2":{"title":"Tags","taxonomy":"post_tag","conditions":{"action":"show","rules":[{"major":"page","minor":"433","has_children":false}]}},"app_facebook-2":{"url":"http:\/\/www.facebook.com\/themeskingdom","conditions":{"action":"show","rules":[{"major":"page","minor":"111","has_children":false},{"major":"page","minor":"433","has_children":false}]}},"app_twitter-2":{"title":"Twitter","consumerkey":"UVWS4bMY1XDZ6FrynEylXg","consumersecret":"XzyL8WkwTdM3bkpmZwVz2venRuOSyo75wX33dTME8","accesstoken":"195759769-cOTVuAW2RJo9smBa8vGCEbX24SLKOz9FL2Sz4bqZ","accesstokensecret":"rRjiqy6cPq5PhpYjttn4eEmuajeiwu66xKjNZEf4","cachetime":"1","username":"@themeskingdom","tweetstoshow":"3","excludereplies":"","conditions":{"action":"hide","rules":[{"major":"page","minor":"post_type-event"},{"major":"page","minor":"post_type-album"},{"major":"page","minor":"111"},{"major":"page","minor":"433"}]}}},"footer-widget-1":{"text-3":{"title":"","text":"<a href=\"http:\/\/demo.themeskingdom.com\/eveny\/wp-content\/uploads\/2015\/02\/logo-f.png\"><img src=\"http:\/\/demo.themeskingdom.netdna-cdn.com\/demos-cdn\/assets\/sites\/3\/logo-f.png\" alt=\"logo-f\" width=\"90\" height=\"22\" \/><\/a>\r\n&nbsp;\r\nEveny is a beautifully clean, simple and modern theme that can manage your events or show of your music, or better yet, why not both? \r\n\r\n<span style=\"color: #BDBDBD;\">Once you try Eveny, you will love it and believe us, you will enjoy using it!<\/span>","filter":true}},"footer-widget-2":{"recent-posts-4":{"title":"Recent Posts","number":3,"show_date":true}},"footer-widget-3":{"app_twitter-3":{"title":"Twitter","consumerkey":"UVWS4bMY1XDZ6FrynEylXg","consumersecret":"XzyL8WkwTdM3bkpmZwVz2venRuOSyo75wX33dTME8","accesstoken":"195759769-cOTVuAW2RJo9smBa8vGCEbX24SLKOz9FL2Sz4bqZ","accesstokensecret":"rRjiqy6cPq5PhpYjttn4eEmuajeiwu66xKjNZEf4","cachetime":"1","username":"@themeskingdom","tweetstoshow":"2","excludereplies":""}}}